{
	"type": "GroundUnit",
	"name": "Abolisher",
	"description": "Destroys things, properly.",
	"maxVelocity": 0.45,
	"speed": 0.2,
	"drag": 0.4,
	"mass": 9,
	"rotatespeed": 0.07,
	"baseRotateSpeed": 0.01,
	"hitsizeTile": 15,
	"hitsize": 40,
	"health": 10000,
	"range": 90,
	"attackLength": 150,
	"rotateWeapon": true,
	"targetAir": true,
	"shootCone": 15,
	"weapon": {
		"name": "minigun-equip",
		"length": 32,
		"width": 30,
		"alternate": false,
		"reload": 4.5,
		"ejectEffect": "shellEjectSmall",
		"shootSound": "minigun-shoot",
		"inaccuracy": 4.5,
		"bullet": {
			"type": "BasicBulletType",
			"inaccuracy": 3.5,
			"speed": 9,
			"damage": 32,
			"lifetime": 27,
			"bulletWidth": 6.8,
			"bulletHeight": 10,
			"bulletShrink": 0,
			"hitSize": 6,
			"knockback": 1,
		}
	}
}