{
	"type": "GroundUnit",
	"name": "Annihilator",
	"description": "Destroys Walls and disables shields Like theres no tomorrow",
	"maxVelocity": 0.45,
	"speed": 0.1,
	"drag": 0.45,
	"mass": 9,
	"rotatespeed": 0.03,
	"baseRotateSpeed": 0.01,
	"hitsizeTile": 15,
	"hitsize": 40,
	"health": 11000,
	"range": 160,
	"attackLength": 160,
	"rotateWeapon": true,
	"targetAir": false,
	"weapon": {
		"name": "annihilator-equip",
		"length": 35,
		"width": 30,
		"alternate": true,
		"recoil": 6,
		"reload": 60,
		"shootSound": "shootBig",
		"bullet": {
			"type": "ArtilleryBulletType",
			"collidesTiles": true,
			"collidesAir": false,
			"collides": true,
			"speed": 6,
			"damage": 120,
			"lifetime": 50,
			"bulletWidth": 15,
			"bulletHeight": 28,
			"bulletShrink": 0,
			"hitSize": 12,
			"knockback": 5,
			"splashDamage": 70,
			"splashDamageRadius": 80,
			"status": "burning",
			"statusDuration": 700,
			"fragBullets": 2,
			"fragBullet": "lightning",
		}
	}
}