{
	"type": "GroundUnit",
	"name": "Claw Melee",
	"description": "Время краба.",
	"maxVelocity": 0.65,
	"speed": 0.29,
	"drag": 0.25,
	"mass": 8,
	"rotatespeed": 0.05,
	"baseRotateSpeed": 0.03,
	"hitsizeTile": 16,
	"hitsize": 37,
	"health": 10000,
	"range": 90,
	"attackLength": 80,
	"rotateWeapon": true,
	"targetAir": false,
	"weaponOffsetY": 10.5,
	"shootCone": 270,
	"immunities": [
		"burning",
		"melting",
		"freezing"
	],
	"weapon": {
		"name": "claw-melee-equip",
		"length": 15,
		"width": 27.5,
		"alternate": true,
		"recoil": 2,
		"reload": 120,
		"shootSound": "shootSnap",
		"bullet": {
			"type": "BasicBulletType",
			"bulletSprite": "advancecontent-none",
			"instantDisappear": true,
			"collidesTiles": false,
			"collidesAir": false,
			"collides": true,
			"shootEffect": "impactShockwave",
			"smokeEffect": "none",
			"hitEffect": "none",
			"speed": 6,
			"damage": 10,
			"lifetime": 4,
			"bulletWidth": 0.05,
			"bulletHeight": 0.05,
			"bulletShrink": 0,
			"hitSize": 40,
			"knockback": 5,
			"splashDamage": 700,
			"splashDamageRadius": 90,
		}
	}
}