{
	"type": "FlyingUnit",
	"name": "Rapid-T1",
	"description": "Стреляет быстро.",
	"flying": true,
	"maxVelocity": 1.8,
	"speed": 0.4,
	"drag": 0.02,
	"mass": 1.6,
	"rotatespeed": 0.17,
	"health": 140,
	"range": 110,
	"shootCone": 7,
	"rotateWeapon": false,
	"weapon": {
		"name": "rapid-equip",
		"alternate": true,
		"reload": 6,
		"ejectEffect": "shellEjectSmall",
		"inaccuracy": 1,
		"bullet": {
			"type": "BasicBulletType",
			"speed": 5,
			"damage": 7,
			"lifetime": 32,
			"bulletWidth": 8,
			"bulletHeight": 10,
			"keepVelocity": false
		}
	}
}