{
	"type": "GenericSmelter",
	"name": "[green]Atomic Forge"
	"description": "Use this machine to get [#4a004a]dark matter",
	"health": 40000,
	"itemCapacity": 6,
	"outputItem": {"item": "dark-matter", "amount": 1},
	"size": 8,
	"hasPower": true,
	"hasItems": true,
	"craftTime": 300,
	"updateEffect": "smeltsmoke",
	"consumes": {
		"power": 450,
		"items": {
			"items": [
				{ "item": "quantum-ingot", "amount": 4 }
			]
		}
	},
	"requirements": [
		{ "item": "quantum-ingot", "amount": 12 },
		{ "item": "dark-steel", "amount": 1800 },
		{ "item": "titanium", "amount": 4000 },
		{ "item": "ruby", "amount": 400 }
	],
	"category": "crafting",
	"idleSound": "respawning",
	"idleSoundVolume": 0.05
	"research": "q-recon"
}
