{
	"type": "burstTurret",
	"name": "Laser Turret L200-U Omega MK2",
	"description": "The best turret",
	"targetAir": true,
	"targetGround": true,
	"health": 25000,
	"size": 4,
	"inaccuracy": 0.1,
	"reload": 25,
	"shootCone": 40,
	"shots": 4,
	"range": 350,
	"burstSpacing": 6,
	"ammo": {
		"super-tithorium": {
			"speed": 12,
			"damage": 12,
			"bulletWidth": 6,
			"bulletHeight": 15,
			"shootEffect": "shootSmall",
			"smokeEffect": "shootSmallSmoke",
			"ammoMultiplier": 15
		},
		"quantum-ingot": {
			"speed": 25,
			"damage": 25,
			"bulletWidth": 8,
			"bulletHeight": 25,
			"shootEffect": "shootSmall",
			"smokeEffect": "shootSmallSmoke",
			"ammoMultiplier": 30
		}
	},
	"requirements": [
		{ "item": "diamond", "amount": 400 },
		{ "item": "quantum-ingot", "amount": 5 },
		{ "item": "dark-steel", "amount": 500 }
		{ "item": "ruby", "amount": 120 },
		{ "item": "super-tithorium", "amount": 80 }
	],
	"category": "turret"
	"research": "big-turret-2"
}
