{
	"type": "itemTurret",
	"name": "[#A3141A]Bomber",
	"description": "Uses Blast Compound",
	"targetAir": true,
	"targetGround": true,
	"health": 1800,
	"size": 4,
	"inaccuracy": 4,
	"reload": 20,
	"recoil": 2,
	"shootCone": 30,
	"shootSound": "shootSnap"
	"range": 120,
	"ammo": {
		"blast-compound": {
			"damage": 100,
			"bulletWidth": 19,
			"bulletHeight": 26,
			"splashDamage": 300,
			"splashDamageRadius": 60,
			"shootEffect": "shootBig"
			"hitEffect": "flakExplosion",
			"frontColor": #E3141A,
			"backColor": #E3141A,
			"ammoMultiplier": 2,
		}
	},
	"requirements": [
		{ "item": "dark-steel", "amount": 120 },
		{ "item": "plastanium", "amount": 45 },
		{ "item": "tithorium", "amount": 8 }
	],
	"category": "turret"
	"research": "turret-1"
}
