{
	"type": "burstTurret",
	"name": "Laser Turret L200-U Omega",
	"description": "Laser Minigun",
	"targetAir": true,
	"targetGround": true,
	"health": 7000,
	"size": 4,
	"inaccuracy": 5,
	"reload": 50,
	"shootCone": 40,
	"shots": 5,
	"range": 300,
	"burstSpacing": 6,
	"ammo": {
		"tithorium": {
			"speed": 8,
			"damage": 4,
			"bulletWidth": 4,
			"bulletHeight": 6,
			"shootEffect": "shootSmall",
			"smokeEffect": "shootSmallSmoke",
			"ammoMultiplier": 10
		},
		"super-tithorium": {
			"speed": 10,
			"damage": 6,
			"bulletWidth": 4,
			"bulletHeight": 7,
			"shootEffect": "shootSmall",
			"smokeEffect": "shootSmallSmoke",
			"ammoMultiplier": 15
		},
		"plut": {
			"speed": 7,
			"damage": 12,
			"bulletWidth": 6,
			"bulletHeight": 15,
			"shootEffect": "shootSmall",
			"smokeEffect": "shootSmallSmoke",
			"ammoMultiplier": 20
		},
		"nuclear-fuel": {
			"speed": 15,
			"damage": 15,
			"bulletWidth": 4,
			"bulletHeight": 12,
			"shootEffect": "shootSmall",
			"smokeEffect": "shootSmallSmoke",
			"ammoMultiplier": 20
		}
	},
	"requirements": [
		{ "item": "diamond", "amount": 12 },
		{ "item": "nuclear-fuel", "amount": 6 },
		{ "item": "plut", "amount": 10 },
		{ "item": "super-tithorium", "amount": 20 },
		{ "item": "dark-steel", "amount": 30 }
	],
	"category": "turret"
	"research": "spectre"
}
