{
	"name": "Divine Drill",
	"description": "The fastest drill",
	"type": "Drill",
	"size": 5,
	"health": 75000,
	"tier": 15,
	"drillTime": 20,
	"rotateSpeed": 14,
	"drawRim": true
	"updateEffect": "pulverizeRed"
	"drillEffect": "healWaveMend"
	"updateEffectChance": 0.03
	"consumes": {
		"power": 22.0
		"liquid": {
			"liquid": "cryofluid",
			"amount": 0.4,
			"optional": true,
			"booster": true
		}
	},
	"requirements": [
		{ "item": "divinium", "amount": 2 },
		{ "item": "quantum-ingot", "amount": 10 },
		{ "item": "dark-steel", "amount": 800 }
	],
	"category": "production"
	"research": "q-drill"
}
