{
	"type": "GenericSmelter",
	"name": "Extractor Type [#9F8464]Fe",
	"description": "Uses Enriched Slag to get Iron",
	"health": 3000,
	"liquidCapacity": 15,
	"itemCapacity": 60,
	"outputItem": {"item": "iron", "amount": 1},
	"size": 2,
	"hasPower": true,
	"hasLiquids": true,
	"hasItems": true,
	"craftTime": 12,
	"updateEffect": "smeltsmoke",
	"consumes": {
		"power": 4.0,
		"liquid": {
			"liquid": "enriched-slag",
			"amount": 0.005
		}
	},
	"requirements": [
		{ "item": "titanium", "amount": 120 },
		{ "item": "carbon", "amount": 50 },
		{ "item": "dark-steel", "amount": 100 }
	],
	"category": "crafting",
	"idleSound": "respawning",
	"idleSoundVolume": 0.2
	"research": "melter-t-a"
}
