{
	"type": "GenericCrafter",
	"name": "Melter Type [yellow]A",
	"description": "Uses so many scrap to get enriched slag",
	"health": 2850,
	"itemCapacity": 5,
	"liquidCapacity": 12,
	"outputLiquid": {"liquid": "enriched-slag", "amount": 2},
	"size": 2,
	"hasPower": true,
	"hasItems": true,
	"hasLiquids": true,
	"craftTime": 10,
	"updateEffect": "smeltsmoke",
	"consumes": {
		"power": 2.5,
		"items": {
			"items": [
				{ "item": "scrap", "amount": 4 }
			]
		}
	},
	"requirements": [
		{ "item": "dark-steel", "amount": 20 },
		{ "item": "iron", "amount": 40 },
		{ "item": "comp-titanium", "amount": 35 },
		{ "item": "carbon", "amount": 8 }
	],
	"category": "crafting",
	"idleSound": "respawning",
	"idleSoundVolume": 0.1
	"research": "melter"
}
