{
	"type": "GenericSmelter",
	"name": "Nuclear Forge"
	"description": "Decompresses and reforges compressed thorium into radioactive uranium",
	"health": 2000,
	"itemCapacity": 4,
	"outputItem": {"item": "uran", "amount": 1},
	"size": 2,
	"hasPower": true,
	"hasItems": true,
	"craftTime": 60,
	"updateEffect": "smeltsmoke",
	"consumes": {
		"power": 12.2,
		"items": {
			"items": [
				{ "item": "comp-thorium", "amount": 2 }
			]
		}
	},
	"requirements": [
		{ "item": "comp-titanium", "amount": 10 },
		{ "item": "comp-thorium", "amount": 4 },
		{ "item": "dark-steel", "amount": 16 }
	],
	"category": "crafting",
	"idleSound": "respawning",
	"idleSoundVolume": 0.4
	"research": "thor-comp"
}
