{
	"type": "GenericSmelter",
	"name": "Plutonium Forge"
	"description": "Don't touch this machine",
	"health": 8000,
	"itemCapacity": 10,
	"outputItem": {"item": "plut", "amount": 1},
	"size": 3,
	"hasPower": true,
	"hasItems": true,
	"craftTime": 150,
	"updateEffect": "smeltsmoke",
	"consumes": {
		"power": 15.0,
		"items": {
			"items": [
				{ "item": "uran", "amount": 4 },
				{ "item": "enriched-uran", "amount": 3 }
			]
		}
	},
	"requirements": [
		{ "item": "comp-titanium", "amount": 40 },
		{ "item": "dark-steel", "amount": 200 }
		{ "item": "nuclear-fuel", "amount": 5 },
		{ "item": "enriched-uran", "amount": 12 }
	],
	"category": "crafting",
	"idleSound": "respawning",
	"idleSoundVolume": 0.12
	"research": "e-mach"
}
