{
	"type": "NuclearReactor",
	"name": "Quantum Reactor",
	"description": "Uses [purple]Quantum Acid[] and [#555555]Plutonium[] to get [purple]SO MANY POWER",
	"health": 25000,
	"liquidCapacity": 100,
	"size": 4,
	"hasLiquids": true,
	"itemDuration": 7200,
	"powerProduction": 750,
	"consumes": {
		"items": {
			"items": [
				{ "item": "plut", "amount": 5 }
			]
		},
		"liquid": {
			"liquid": "quantum-liquid",
			"amount": 0.1
		}
	},
	"requirements": [
		{ "item": "quantum-ingot", "amount": 3 },
		{ "item": "ruby", "amount": 40 },
		{ "item": "nuclear-fuel", "amount": 70 },
		{ "item": "dark-steel", "amount": 800 },
		{ "item": "titanium", "amount": 1600 }
	],
	"category": "power"
	"heating": 0.008
	"research": "nuc-reactor"
}
