{
	"name": "Super Mend Projector",
	"description": "OP version of mend projector",
	"type": "MendProjector"
	"health": 30000,
	"size": 3,
	"range": 150,
	"reload": 300
	"phase": "#720874",
	"color": "#17C50B",
	"healPercent": 40,
	"consumes": {
		"power": 2.5
		"items": {
			"items": [ { "amount": 1, "item": "nuclear-fuel" } ],
			"booster": true,
			"optional": true
		}
	},
	"requirements": [
		{ "item": "quantum-ingot", "amount": 2 },
		{ "item": "silicon", "amount": 600 },
		{ "item": "dark-steel", "amount": 900 }
	],
	"category": "effect"
	"research": "mend-projector"
}