{
	"name": "Super Drill",
	"description": "The best drill... and its 2x2",
	"type": "Drill",
	"size": 2,
	"health": 10000,
	"tier": 8,
	"drillTime": 110,
	"rotateSpeed": 9,
	"consumes": {
		"power": 8.0
		"liquid": {
			"liquid": "cryofluid",
			"amount": 0.06,
			"optional": true,
			"booster": true
		}
	},
	"requirements": [
		{ "item": "super-tithorium", "amount": 30 },
		{ "item": "dark-steel", "amount": 100 }
	],
	"category": "production"
	"research": "steel-drill"
}
