{
	"name": "Teleporter",
	"description": "Copy of teleporter from Mindustry Classic",
	"type": "MassDriver",
	"health": 720,
	"knockback": 0,
	"rotateSpeed": 100.0,
	"hasPower": true
	"minDistribute": 30,
	"reloadTime": 5,
	"range": 500
	"itemCapacity": 60,
	"translation": 1,
	"shootEffect": "none"
	"smokeEffect": "none"
	"recieveEffect": "none"
	"shake": 0,
	"consumes": {
		"power": 1.0
	},
	"size": 1,
	"requirements": [
		{ "item": "dark-steel", "amount": 35 },
		{ "item": "enriched-uran", "amount": 12 }
	],
	"category": "distribution"
	"research": "uran-conveyor"
}
