{
	"type": "GenericSmelter",
	"name": "[#666666]Ultra [#FFFFFF]Reconstructor"
	"description": "Use this machine to get [#FFFFFF]I[#EEEEEE]n[#DDDDDD]f[#CCCCCC]i[#BBBBBB]n[#AAAAAA]i[#999999]t[#888888]i[#777777]u[#666666]m",
	"health": 60000,
	"itemCapacity": 5,
	"outputItem": {"item": "infinitium", "amount": 1},
	"size": 8,
	"hasPower": true,
	"hasItems": true,
	"craftTime": 360,
	"updateEffect": "smeltsmoke",
	"consumes": {
		"power": 2000,
		"items": {
			"items": [
				{ "item": "dark-matter", "amount": 3 },
				{ "item": "divinium", "amount": 2 }
			]
		}
	},
	"requirements": [
		{ "item": "quantum-ingot", "amount": 30 },
		{ "item": "dark-steel", "amount": 5000 },
		{ "item": "divinium", "amount": 5 }
	]
	"category": "crafting",
	"idleSound": "respawning",
	"idleSoundVolume": 0.05
	"research": "divine-recon"
}
